ts	phase	decision	why	evidence	result
2026-08-21T02:48:35Z	frame	treat the work as a high-rigor protocol migration with performance and token gates	the request combines an MCP release candidate, lifecycle redesign, dependency upgrades, cleanup, and measured efficiency	package.json, src/serve.ts, user acceptance criteria	baseline in progress
2026-08-21T02:48:35Z	scope	leave existing .agent deletions and untracked .agents files untouched	they predate this task and belong to the user	git status --short	isolated task scope
2026-08-21T02:59:32Z	baseline	record the pre-change protocol, token, build, and quality state	later claims need a real before value	npm direct binary runs, dist/index.js, src/tools.ts	35 tests pass; typecheck and build pass; lint has 7 errors; tools/list is 9543 bytes; HTTP is sessionful 2025-06-18
2026-08-21T02:59:32Z	packages	interpret seven days as a minimum package maturity window	the user's wording and existing .npmrc both point to avoiding brand-new releases	docs/research/mcp-2026-release-candidate.md	stable MCP v2.0.0 qualifies; current npm does not support min-release-age
2026-08-21T03:35:00Z	architecture	select candidate-55 and graft its strongest alternatives	it has the smallest cached catalog and clearest rerunnable verification	three architecture candidates plus independent cross-judge	strict stateless v2 design accepted in ADR 0001
2026-08-21T03:35:00Z	protocol	ignore rather than reject incoming Mcp-Session-Id	MCP 2026 removes session semantics but requires servers to ignore this legacy header	official Streamable HTTP specification	server never mints, echoes, or infers state from session IDs
2026-08-21T03:43:00Z	implementation	replace v1 request handlers with one McpServer factory	HTTP needs a fresh server per request and stdio needs strict modern protocol negotiation	src/mcp-server.ts, src/serve.ts, src/index.ts	createMcpHandler and serveStdio both use createMcpServer with legacy rejection
2026-08-21T03:43:00Z	catalog	move the command manual behind describe_electron_command	the common tools/list result should not carry rarely used command guidance	src/commands.ts, src/mcp-server.ts	one typed registry validates all command arguments and a nine-tool catalog is deterministic
2026-08-21T03:43:00Z	resources	make screenshots and CDP calls request-scoped	base64 and open browser or websocket handles otherwise waste tokens and retain work past the call	src/screenshot.ts, src/utils/electron-connection.ts	file delivery avoids base64, screenshots close browsers in finally, Runtime.evaluate awaits promises
2026-08-21T03:46:00Z	measurement	measure the compact catalog and bounded discovery	the requested speed and token changes need repeatable evidence	npm run measure:mcp	tools/list fell from 9543 to 5541 bytes and estimated tokens fell from 2386 to 1386; fixed 20 ms probes measured about 31 ms parallel versus 186 ms serial
2026-08-21T03:46:00Z	verification	validate strict modern HTTP end to end	protocol claims require live transport evidence beyond a unit test	npm run verify:mcp	server/discover succeeds; independent lists match; session header is absent; initialize and GET are rejected
2026-08-21T03:46:00Z	dependencies	replace unsupported npm age config with a lockfile-based maturity gate	npm no longer recognizes min-release-age and declared ranges do not identify the installed release	scripts/check-package-age.mjs, npm run deps:check:mature	all direct resolved dependencies pass the seven-day gate; MCP v2 is 24.2 days old
2026-08-21T03:55:00Z	security	update compatible transitive Hono releases from the Node adapter	the initial production audit reported two advisories in Hono 4.11.7 and node-server 1.19.9	npm update @hono/node-server hono --ignore-scripts; npm audit --omit=dev --json	Hono 4.13.3 and node-server 1.19.17 resolve to zero production audit findings
2026-08-21T03:58:00Z	dependencies	retain Electron only as a mature development dependency	surviving test helpers launch Electron but the production server does not import it	package.json, tests/support/helpers.ts, npm run deps:check:mature	Electron 43.4.0 is pinned in devDependencies and is 9.4 days old
2026-08-21T04:07:00Z	dependencies	update mature tooling majors where compatible	up-to-date packages should move past deprecated ESLint 9 while respecting the seven-day floor and peer ranges	npm outdated --json; npm view publish times; npm install --save-dev eslint@^10.8.1 @eslint/js@^10.0.1 globals@^17.11.0 webpack-cli@^7.2.2	ESLint 10.8.1, globals 17.11.0, and webpack-cli 7.2.2 installed; Vitest stayed on exact 3.2.7 because later 4.x pulls too-new transitive packages; Electron 43.4.1 held because it is under seven days old; TypeScript 7 held because typescript-eslint requires <6.1.0
2026-08-21T04:08:00Z	verification	rerun the full local quality and protocol suite after formatting and dependency updates	toolchain updates can change lint, build, or runtime behavior	npm run typecheck; npm run lint; npm run format:check; npm test; npm run build; npm run verify:mcp; npm run measure:mcp; npm run deps:check:mature; npm audit	all pass; 30 tests pass; audit reports zero vulnerabilities; built MCP verifier confirms discover ok, stateless calls ok, tools/call ok, structured results ok, headers validated, legacy rejected, session header absent, GET rejected; tools/list remains 5541 bytes
2026-08-21T04:11:00Z	cleanup	replace command-result emoji markers with ASCII and fixed CDP IDs	emoji markers rendered as mojibake in local output and a random CDP message ID could collide with Runtime.enable	src/utils/electron-connection.ts; src/utils/electron-enhanced-commands.ts; rg emoji/mojibake scan	no emoji or mojibake remains in src; Runtime.enable uses id 1 and Runtime.evaluate uses id 2
2026-08-21T04:13:00Z	review	keep server identity version aligned to the package version	the old server identity exposed 1.7.0 and the protocol revision is not the package version	git show HEAD:src/create-server.ts; src/mcp-server.ts	serverInfo.version is 1.7.0; protocol remains 2026-07-28 in HTTP health and MCP metadata
2026-08-21T04:22:00Z	dependencies	make the release-age gate explicit for direct packages	the unsupported npm min-release-age setting was meant to protect selected package versions, while transitive freshness conflicts with current security fixes	scripts/check-package-age.mjs; npm run deps:check:mature; npm audit	direct resolved dependencies must be at least seven days old; --all inspects transitive packages; npm audit covers transitive vulnerability risk and reports zero vulnerabilities
2026-08-21T04:29:00Z	dependencies	revisit Vitest after distinguishing direct from transitive release age	the direct maturity policy permits the newest mature compatible Vitest major even when optional platform packages are newer	npm install exact Vitest trio 4.1.10; npm test	Vitest, UI, and coverage v8 are exact-pinned to 4.1.10; 30 tests pass
2026-08-21T04:30:00Z	review	fix every independent standards and spec finding	transport behavior and compact screenshot delivery needed normal-suite coverage; registry writes and child shutdown needed failure safety	tests/integration/http-transport.test.ts; review reruns	live tools/call and structured results are covered; base64 is not duplicated; registry writes are atomic; platform fallback is honest; scripts close cleanly
2026-08-21T04:31:00Z	cleanup	delete remaining unused wrappers and explicit production any types	no-legacy scope should remove unused compatibility surfaces instead of preserving them	rg production imports; npm run typecheck; npm run lint	unused command wrappers, result types, and save method removed; production source contains no explicit any
2026-08-21T04:32:00Z	build	externalize installed MCP runtime dependencies	the inherited allowlist bundled dependencies that npm already installs and grew dist/index.js to 1016864 bytes	webpack build; live protocol verifier; measurement script	dist/index.js is 131197 bytes, 60.4 percent smaller than the 331676-byte baseline and 87.1 percent smaller than the first v2 build; live MCP checks remain green
2026-08-21T04:41:00Z	cleanup	supersede the earlier emoji cleanup claim after finding one remaining screenshot log marker	the trail has to stay truthful when a late scan finds a missed source string	src/screenshot.ts; rg emoji scan	broken screenshot log glyph removed; the earlier cleanup row is superseded by this one
2026-08-21T23:38:00Z	verification	rerun the full suite on the final post-fix tree and capture the exact shipped artifact values	the last source cleanup changed the built bundle by a few bytes and the report needs current numbers	npm run typecheck; npm run lint; npm run format:check; npm test; npm run build; npm run verify:mcp; npm run measure:mcp; npm run deps:check:mature; npm audit; dist/index.js	all pass on Friday, August 21, 2026; dist/index.js is 131192 bytes; tools/list is 5541 bytes and about 1386 tokens; stateless discover and tools/call remain green
2026-08-21T23:55:00Z	dependencies	adopt the official side-by-side TypeScript 7 compiler layout	TypeScript 7 has no programmatic API, while typescript-eslint and ts-loader still need one	TypeScript 7 release guidance; npm registry publish times; typecheck and build scripts	native TypeScript 7.0.2 owns tsc and production validation; @typescript/typescript6 bridge package 6.0.2 exposes the TypeScript 6.0.3 API only to compatibility tools; the earlier TypeScript 7 hold is superseded
2026-08-22T00:16:00Z	verification	prove the TypeScript 7 migration without regressing MCP behavior, token size, or dependency safety	the compiler and build pipeline changed, so the shipped artifact needed fresh protocol and performance evidence	typecheck; lint; format check; 30 tests; webpack build; verify:mcp; measure:mcp; maturity gate; npm audit; five-run compiler benchmark	all pass; TypeScript 7 averaged 166.40 ms versus 1049.46 ms for the compatibility compiler; stateless calls pass; tools/list remains 5541 bytes and about 1386 tokens; discovery averages about 31.64 ms versus 187.12 ms serial; dist/index.js remains 131192 bytes; 29 direct dependencies pass the seven-day gate; zero vulnerabilities
2026-08-22T11:19:00Z	architecture	enforce transport, application, Electron adapter, persistence adapter, and shared responsibilities	the stateless runtime still mixed protocol, domain, platform, and storage concerns	src responsibility layers; injected ElectronAutomation and ProjectRegistryStore ports; ESLint boundary probes; ADR 0002	no global registry singleton; transport has no Electron SDK dependency; allowed imports pass and reversed or platform imports fail lint
2026-08-22T11:19:00Z	context	remove duplicated command discovery data and unused provider details from common results	every catalog and result byte consumes client context	describe tool schema; application window result; npm run measure:mcp	tools/list is 5223 bytes and about 1306 tokens, 45.3 percent below baseline; process data, CDP URL, and duplicate counts removed from window info
2026-08-22T11:19:00Z	performance	measure live stateless HTTP operations and remove the legacy process scan	the speed requirement needs operation-level evidence rather than discovery timing alone	20 loopback samples after 3 warmups; controlled six-port discovery benchmark	median HTTP times are 2.92 ms discover, 2.86 ms tools/list, and 2.38 ms tools/call; every p95 is below 5 ms; bounded discovery is about 5.9 times faster than serial
2026-08-22T11:19:00Z	review	fix all standards and specification findings before final verification	independent review found validation, CDP result, boundary type, lint-policy, test-type, and measurement defects	two-axis review and focused reruns	both reviewers report no unresolved high, medium, or hard findings
2026-08-22T11:19:00Z	verification	verify the final architecture and production artifact	the review fixes changed source, tests, output shape, and the measurement harness	typecheck; lint; format check; 37 tests; build; verify:mcp; measure:mcp; dependency maturity; npm audit	all pass; dist/index.js is 133790 bytes; 31 direct dependency entries pass the seven-day gate; zero vulnerabilities; stateless protocol checks pass
